<?xml version="1.0" encoding="utf-8" standalone="yes"?>
<rss version="2.0" xmlns:atom="http://www.w3.org/2005/Atom">
  <channel>
    <title>Tags on Don的小窝</title>
    <link>http://rendongwei.cn/tags/</link>
    <description>Recent content in Tags on Don的小窝</description>
    <generator>Hugo -- gohugo.io</generator>
    <language>en-us</language>
    <lastBuildDate>Mon, 07 Nov 2022 00:00:00 +0000</lastBuildDate><atom:link href="http://rendongwei.cn/tags/index.xml" rel="self" type="application/rss+xml" />
    <item>
      <title>Android</title>
      <link>http://rendongwei.cn/tags/android/</link>
      <pubDate>Mon, 07 Nov 2022 00:00:00 +0000</pubDate>
      
      <guid>http://rendongwei.cn/tags/android/</guid>
      <description></description>
    </item>
    
    <item>
      <title>Android框架</title>
      <link>http://rendongwei.cn/tags/android%E6%A1%86%E6%9E%B6/</link>
      <pubDate>Mon, 07 Nov 2022 00:00:00 +0000</pubDate>
      
      <guid>http://rendongwei.cn/tags/android%E6%A1%86%E6%9E%B6/</guid>
      <description></description>
    </item>
    
  </channel>
</rss>
