<?xml version="1.0" encoding="utf-8" standalone="yes"?>
<rss version="2.0" xmlns:atom="http://www.w3.org/2005/Atom">
  <channel>
    <title>Posts on NewBee</title>
    <link>http://rendongwei.cn/posts/</link>
    <description>Recent content in Posts on NewBee</description>
    <generator>Hugo -- gohugo.io</generator>
    <language>en-us</language>
    <lastBuildDate>Wed, 02 Nov 2022 11:28:51 +0800</lastBuildDate><atom:link href="http://rendongwei.cn/posts/index.xml" rel="self" type="application/rss+xml" />
    <item>
      <title>First Post</title>
      <link>http://rendongwei.cn/posts/first-post/</link>
      <pubDate>Wed, 02 Nov 2022 11:28:51 +0800</pubDate>
      
      <guid>http://rendongwei.cn/posts/first-post/</guid>
      <description>111111111111111111111111111</description>
    </item>
    
  </channel>
</rss>
