<?xml version="1.0" encoding="utf-8" standalone="yes"?>
<rss version="2.0" xmlns:atom="http://www.w3.org/2005/Atom">
  <channel>
    <title>helm on Don的小窝</title>
    <link>http://rendongwei.cn/tags/helm/</link>
    <description>Recent content in helm on Don的小窝</description>
    <generator>Hugo -- gohugo.io</generator>
    <language>en-us</language>
    <lastBuildDate>Fri, 30 Sep 2022 00:00:00 +0000</lastBuildDate><atom:link href="http://rendongwei.cn/tags/helm/index.xml" rel="self" type="application/rss+xml" />
    <item>
      <title>编写 helm chart</title>
      <link>http://rendongwei.cn/posts/%E7%BC%96%E5%86%99helm-chart/</link>
      <pubDate>Fri, 30 Sep 2022 00:00:00 +0000</pubDate>
      
      <guid>http://rendongwei.cn/posts/%E7%BC%96%E5%86%99helm-chart/</guid>
      <description>更新记录 时间 内容 2022-09-30 初稿 2022-10-01 调整目录层级 &amp;amp; 修改调试部分 &amp;amp; 增加优化部分 软件版本 soft Version Helm v3.10.0 Kubernetes 1.24.4 一、Chart 介</description>
    </item>
    
  </channel>
</rss>
