<?xml version="1.0" encoding="utf-8" standalone="yes"?>
<rss version="2.0" xmlns:atom="http://www.w3.org/2005/Atom">
  <channel>
    <title>Jenkins on Don的小窝</title>
    <link>http://rendongwei.cn/tags/jenkins/</link>
    <description>Recent content in Jenkins on Don的小窝</description>
    <generator>Hugo -- gohugo.io</generator>
    <language>en-us</language>
    <lastBuildDate>Wed, 26 Oct 2022 00:00:00 +0000</lastBuildDate><atom:link href="http://rendongwei.cn/tags/jenkins/index.xml" rel="self" type="application/rss+xml" />
    <item>
      <title>Jenkins 编译安卓</title>
      <link>http://rendongwei.cn/posts/jenkins%E7%BC%96%E8%AF%91%E5%AE%89%E5%8D%93/</link>
      <pubDate>Wed, 26 Oct 2022 00:00:00 +0000</pubDate>
      
      <guid>http://rendongwei.cn/posts/jenkins%E7%BC%96%E8%AF%91%E5%AE%89%E5%8D%93/</guid>
      <description>更新记录 时间 内容 2022-10-26 初稿 软件版本 soft Version Jenkins 2.346.2 SDK 3859397 JDK 1.8.0_151 一、配置编译环境 ①、SDK 1 2 3 4 5 6 7 8 9 10 11 ➜ cd /usr/local</description>
    </item>
    
  </channel>
</rss>
