<?xml version="1.0" encoding="utf-8" standalone="yes"?>
<rss version="2.0" xmlns:atom="http://www.w3.org/2005/Atom">
  <channel>
    <title>关于 on Don的小窝</title>
    <link>http://rendongwei.cn/about/</link>
    <description>Recent content in 关于 on Don的小窝</description>
    <generator>Hugo -- gohugo.io</generator>
    <language>en-us</language>
    <lastBuildDate>Tue, 08 Nov 2022 00:00:00 +0000</lastBuildDate><atom:link href="http://rendongwei.cn/about/index.xml" rel="self" type="application/rss+xml" />
  </channel>
</rss>
