<?xml version="1.0" encoding="utf-8" standalone="yes"?>
<rss version="2.0" xmlns:atom="http://www.w3.org/2005/Atom">
  <channel>
    <title>About on NewBee</title>
    <link>http://rendongwei.cn/about/</link>
    <description>Recent content in About on NewBee</description>
    <generator>Hugo -- gohugo.io</generator>
    <language>en-us</language>
    <lastBuildDate>Wed, 02 Nov 2022 11:29:04 +0800</lastBuildDate><atom:link href="http://rendongwei.cn/about/index.xml" rel="self" type="application/rss+xml" />
  </channel>
</rss>
