<?xml version="1.0" encoding="utf-8" standalone="yes"?>
<rss version="2.0" xmlns:atom="http://www.w3.org/2005/Atom">
  <channel>
    <title>Categories on Don的小窝</title>
    <link>http://rendongwei.cn/categories/</link>
    <description>Recent content in Categories on Don的小窝</description>
    <generator>Hugo -- gohugo.io</generator>
    <language>en-us</language>
    <lastBuildDate>Fri, 11 Nov 2022 00:00:00 +0000</lastBuildDate><atom:link href="http://rendongwei.cn/categories/index.xml" rel="self" type="application/rss+xml" />
    <item>
      <title>Go</title>
      <link>http://rendongwei.cn/categories/go/</link>
      <pubDate>Fri, 11 Nov 2022 00:00:00 +0000</pubDate>
      
      <guid>http://rendongwei.cn/categories/go/</guid>
      <description></description>
    </item>
    
    <item>
      <title>Kotlin</title>
      <link>http://rendongwei.cn/categories/kotlin/</link>
      <pubDate>Fri, 08 Jul 2022 00:00:00 +0000</pubDate>
      
      <guid>http://rendongwei.cn/categories/kotlin/</guid>
      <description></description>
    </item>
    
    <item>
      <title>Android</title>
      <link>http://rendongwei.cn/categories/android/</link>
      <pubDate>Fri, 10 Jun 2022 00:00:00 +0000</pubDate>
      
      <guid>http://rendongwei.cn/categories/android/</guid>
      <description></description>
    </item>
    
  </channel>
</rss>
