<?xml version="1.0" encoding="utf-8" standalone="yes"?>
<rss version="2.0" xmlns:atom="http://www.w3.org/2005/Atom">
  <channel>
    <title>Categories on Don的小窝</title>
    <link>http://rendongwei.cn/categories/</link>
    <description>Recent content in Categories on Don的小窝</description>
    <generator>Hugo -- gohugo.io</generator>
    <language>en-us</language>
    <lastBuildDate>Wed, 26 Oct 2022 00:00:00 +0000</lastBuildDate><atom:link href="http://rendongwei.cn/categories/index.xml" rel="self" type="application/rss+xml" />
    <item>
      <title>技术</title>
      <link>http://rendongwei.cn/categories/%E6%8A%80%E6%9C%AF/</link>
      <pubDate>Wed, 26 Oct 2022 00:00:00 +0000</pubDate>
      
      <guid>http://rendongwei.cn/categories/%E6%8A%80%E6%9C%AF/</guid>
      <description></description>
    </item>
    
  </channel>
</rss>
