<?xml version="1.0" encoding="utf-8" standalone="yes"?>
<rss version="2.0" xmlns:atom="http://www.w3.org/2005/Atom">
  <channel>
    <title>Go on Don的小窝</title>
    <link>http://rendongwei.cn/tags/go/</link>
    <description>Recent content in Go on Don的小窝</description>
    <generator>Hugo -- gohugo.io</generator>
    <language>en-us</language>
    <lastBuildDate>Mon, 21 Nov 2022 00:00:00 +0000</lastBuildDate><atom:link href="http://rendongwei.cn/tags/go/index.xml" rel="self" type="application/rss+xml" />
    <item>
      <title>Go-unsafe.Pointer与uintptr</title>
      <link>http://rendongwei.cn/posts/go/go-unsafe.pointer%E4%B8%8Euintptr/</link>
      <pubDate>Mon, 21 Nov 2022 00:00:00 +0000</pubDate>
      
      <guid>http://rendongwei.cn/posts/go/go-unsafe.pointer%E4%B8%8Euintptr/</guid>
      <description>一、查看普通指针类型 1 2 3 4 5 6 7 8 9 10 11 12 13 14 15 16 17 18 19 20 21 22 23 24 25 26 27 28 29 30 31 type Admin struct { Name string Age int }</description>
    </item>
    
    <item>
      <title>Go-读取文件10种的方法</title>
      <link>http://rendongwei.cn/posts/go/go-%E8%AF%BB%E5%8F%96%E6%96%87%E4%BB%B610%E7%A7%8D%E7%9A%84%E6%96%B9%E6%B3%95/</link>
      <pubDate>Fri, 18 Nov 2022 00:00:00 +0000</pubDate>
      
      <guid>http://rendongwei.cn/posts/go/go-%E8%AF%BB%E5%8F%96%E6%96%87%E4%BB%B610%E7%A7%8D%E7%9A%84%E6%96%B9%E6%B3%95/</guid>
      <description>一、整个文件读入内存 直接将数据直接读取入内存，是效率最高的一种方式，但此种方式，仅适用于小文件，对于</description>
    </item>
    
    <item>
      <title>Go-空结构体的应用与实现原理</title>
      <link>http://rendongwei.cn/posts/go/go-%E7%A9%BA%E7%BB%93%E6%9E%84%E4%BD%93%E7%9A%84%E5%BA%94%E7%94%A8%E4%B8%8E%E5%AE%9E%E7%8E%B0%E5%8E%9F%E7%90%86/</link>
      <pubDate>Thu, 17 Nov 2022 00:00:00 +0000</pubDate>
      
      <guid>http://rendongwei.cn/posts/go/go-%E7%A9%BA%E7%BB%93%E6%9E%84%E4%BD%93%E7%9A%84%E5%BA%94%E7%94%A8%E4%B8%8E%E5%AE%9E%E7%8E%B0%E5%8E%9F%E7%90%86/</guid>
      <description>空结构体的应用与实现原理 一、空结构体介绍 首先来看看空结构体是什么；空结构体也是结构体类型，具有结构体</description>
    </item>
    
    <item>
      <title>Go-语法糖讲解</title>
      <link>http://rendongwei.cn/posts/go/go-%E8%AF%AD%E6%B3%95%E7%B3%96%E8%AE%B2%E8%A7%A3/</link>
      <pubDate>Thu, 17 Nov 2022 00:00:00 +0000</pubDate>
      
      <guid>http://rendongwei.cn/posts/go/go-%E8%AF%AD%E6%B3%95%E7%B3%96%E8%AE%B2%E8%A7%A3/</guid>
      <description>语法糖讲解 一、变量声明 1.变量 变量可以通过变量名访问。 Go 语言变量名由字母、数字、下划线组成，其中首个</description>
    </item>
    
    <item>
      <title>Go-Json</title>
      <link>http://rendongwei.cn/posts/go/go-json/</link>
      <pubDate>Fri, 11 Nov 2022 00:00:00 +0000</pubDate>
      
      <guid>http://rendongwei.cn/posts/go/go-json/</guid>
      <description>前言 很多程序都需要处理或者发布数据，不管这个程序是要使用数据库，进行网络调用，还是与分布式系统打交道</description>
    </item>
    
    <item>
      <title>Go-切片7连问</title>
      <link>http://rendongwei.cn/posts/go/go-%E5%88%87%E7%89%877%E8%BF%9E%E9%97%AE/</link>
      <pubDate>Fri, 11 Nov 2022 00:00:00 +0000</pubDate>
      
      <guid>http://rendongwei.cn/posts/go/go-%E5%88%87%E7%89%877%E8%BF%9E%E9%97%AE/</guid>
      <description>Go之切片7连问 数组和切片有什么区别？ Go语言中数组是固定长度的，不能动态扩容，在编译期就会确定大小</description>
    </item>
    
    <item>
      <title>Go-并发</title>
      <link>http://rendongwei.cn/posts/go/go-%E5%B9%B6%E5%8F%91/</link>
      <pubDate>Fri, 11 Nov 2022 00:00:00 +0000</pubDate>
      
      <guid>http://rendongwei.cn/posts/go/go-%E5%B9%B6%E5%8F%91/</guid>
      <description>前言 go并发包含两个概念： goroutine:使用一个函数，但是与调用该函数是独立的。 channel</description>
    </item>
    
    <item>
      <title>Go-特点</title>
      <link>http://rendongwei.cn/posts/go/go-%E7%89%B9%E7%82%B9/</link>
      <pubDate>Fri, 11 Nov 2022 00:00:00 +0000</pubDate>
      
      <guid>http://rendongwei.cn/posts/go/go-%E7%89%B9%E7%82%B9/</guid>
      <description>支持函数多个返回值 1 2 3 4 5 6 7 8 9 10 11 12 13 14 15 16 17 package main import &amp;#34;fmt&amp;#34; //定义两个返回值的函数 func getNames() (n1, n2 string) { return &amp;#34;name1&amp;#34;,</description>
    </item>
    
  </channel>
</rss>
